<?xml version="1.0" encoding="UTF-8"?>
<project-private xmlns="http://www.netbeans.org/ns/project-private/1">
    <editor-bookmarks xmlns="http://www.netbeans.org/ns/editor-bookmarks/2" lastBookmarkId="0"/>
    <open-files xmlns="http://www.netbeans.org/ns/projectui-open-files/2">
        <group>
            <file>file:/C:/Users/52449/OneDrive/Documentos/NetBeansProjectsD/barra/src/barra/gen4.java</file>
            <file>file:/C:/Users/52449/OneDrive/Documentos/NetBeansProjectsD/barra/src/barra/presente.java</file>
            <file>file:/C:/Users/52449/OneDrive/Documentos/NetBeansProjectsD/barra/src/barra/vervos.java</file>
            <file>file:/C:/Users/52449/OneDrive/Documentos/NetBeansProjectsD/barra/src/barra/lenguajeAlto.java</file>
            <file>file:/C:/Users/52449/OneDrive/Documentos/NetBeansProjectsD/barra/src/barra/ventana1.java</file>
            <file>file:/C:/Users/52449/OneDrive/Documentos/NetBeansProjectsD/barra/src/barra/avira.java</file>
            <file>file:/C:/Users/52449/OneDrive/Documentos/NetBeansProjectsD/barra/src/barra/norton.java</file>
            <file>file:/C:/Users/52449/OneDrive/Documentos/NetBeansProjectsD/barra/src/barra/Barra.java</file>
            <file>file:/C:/Users/52449/OneDrive/Documentos/NetBeansProjectsD/barra/src/barra/bajoNivel.java</file>
            <file>file:/C:/Users/52449/OneDrive/Documentos/NetBeansProjectsD/barra/src/barra/mac.java</file>
            <file>file:/C:/Users/52449/OneDrive/Documentos/NetBeansProjectsD/barra/src/barra/contraseña.jpeg</file>
            <file>file:/C:/Users/52449/OneDrive/Documentos/NetBeansProjectsD/barra/src/barra/medianoLe.java</file>
            <file>file:/C:/Users/52449/OneDrive/Documentos/NetBeansProjectsD/barra/src/barra/gen1.java</file>
            <file>file:/C:/Users/52449/OneDrive/Documentos/NetBeansProjectsD/barra/src/barra/windows.java</file>
            <file>file:/C:/Users/52449/OneDrive/Documentos/NetBeansProjectsD/barra/src/barra/productos.java</file>
            <file>file:/C:/Users/52449/OneDrive/Documentos/NetBeansProjectsD/barra/src/barra/gen2.java</file>
            <file>file:/C:/Users/52449/OneDrive/Documentos/NetBeansProjectsD/barra/src/barra/avast.java</file>
            <file>file:/C:/Users/52449/OneDrive/Documentos/NetBeansProjectsD/barra/src/barra/gen3.java</file>
            <file>file:/C:/Users/52449/OneDrive/Documentos/NetBeansProjectsD/barra/src/barra/zeroCON.java</file>
            <file>file:/C:/Users/52449/OneDrive/Documentos/NetBeansProjectsD/barra/src/barra/IvanPicazoAutorDeTodoEsto.java</file>
            <file>file:/C:/Users/52449/OneDrive/Documentos/NetBeansProjectsD/barra/src/bajoNivel.java</file>
            <file>file:/C:/Users/52449/OneDrive/Documentos/NetBeansProjectsD/barra/src/barra/linux.java</file>
            <file>file:/C:/Users/52449/OneDrive/Documentos/NetBeansProjectsD/barra/src/barra/presentacion.java</file>
        </group>
    </open-files>
</project-private>
